ano_campeonato,rodada,estadio,publico,publico_max,publico_medio_mandante,colocacao_mandante,colocacao_visitante,time_mandante,time_visitante,gols_mandante,gols_visitante,valor_equipe_titular_mandante,valor_equipe_titular_visitante,resultado_mandante,resultado_ultimo_jogo_mandante,saldo_gols_ultimo_jogo_mandante,sequencia_vitoria_mandante,sequencia_derrota_mandante,resultado_ultimo_jogo_visitante,saldo_gols_ultimo_jogo_visitante,sequencia_vitoria_visitante,sequencia_derrota_visitante
2017,1,Mercedes-Benz Stadium,33425,43600,33425,2,19,Costa do Marfim,Irã,4,0,28950000,8530000,1,0,0,1,0,0,0,1,0
2017,1,NRG Stadium,8127,55000,8127,1,18,Iraque,Japão,6,2,13500000,15400000,1,0,0,1,0,0,0,1,0
2017,2,Gillette Stadium,10323,22600,10323,11,2,Espanha,Jordânia,1,0,12050000,21500000,1,-0,0,2,0,1,4,2,0
2017,2,NRG Stadium,16515,55000,16515,13,8,Bósnia e Herzegovina,Coreia do Sul,0,1,11600000,21750000,-1,-0,0,2,0,0,0,2,0
2017,2,AT&T Stadium,17244,42372,17244,18,5,Inglaterra,Portugal,0,2,23000000,28300000,-1,-1,-4,0,1,1,2,2,0
2017,2,BMO Field,16145,23018,16145,9,6,Espanha,Arábia Saudita,1,2,35750000,21200000,-1,-0,0,2,0,1,1,2,0
2017,2,GEHA Field at Arrowhead Stadium,3484,35000,3484,20,7,Marrocos,Iraque,1,1,17150000,31750000,0,-1,-4,0,1,1,1,2,0
2017,3,Gillette Stadium,6188,22600,8255.5,6,17,França,Suécia,2,0,12050000,6550000,1,1,1,3,0,-1,-2,0,1
2017,3,NRG Stadium,7619,35632,12067,16,9,Senegal,Catar,0,1,13250000,11700000,-1,-1,-1,0,1,-1,-1,0,1
2017,3,AT&T Stadium,19923,42372,18583.5,19,3,Arábia Saudita,Equador,1,1,22000000,24250000,0,-1,-2,0,2,1,3,3,0
2017,3,BMO Field,19553,23018,17849,15,10,Áustria,Jordânia,2,2,38500000,8900000,0,-1,-1,0,1,-1,-2,0,1
2017,3,GEHA Field at Arrowhead Stadium,3441,35000,3462.5,18,1,Holanda,Inglaterra,4,3,17500000,8350000,1,0,0,1,0,1,2,3,0
2017,4,Mercedes-Benz Stadium,34240,43600,33832.5,14,16,Arábia Saudita,Canadá,0,0,25650000,29350000,0,-1,-2,0,2,0,0,1,0
2017,4,NRG Stadium,13364,55000,10745.5,13,20,Inglaterra,Senegal,3,0,NA,NA,1,-1,-1,0,2,-1,-1,0,3
2017,4,MetLife Stadium,10577,21000,30398.5,10,8,Espanha,Coreia do Sul,0,0,22600000,9900000,0,-0,0,4,0,1,1,2,0
2017,5,Gillette Stadium,14403,22600,10304.666666666666,1,3,Irã,Equador,3,6,12050000,28300000,-1,1,2,5,0,1,2,1,0
2017,5,NRG Stadium,18917,55000,13469.333333333334,9,8,Holanda,Argélia,1,0,NA,NA,1,1,3,1,0,-1,-2,0,1
2017,5,BMO Field,12648,23018,16115.333333333334,16,14,República Tcheca,Haiti,1,0,32100000,5900000,1,-0,0,2,0,1,1,1,0
2017,5,GEHA Field at Arrowhead Stadium,12617,35000,6514,15,10,França,Portugal,2,0,15800000,26500000,1,-1,-1,0,1,0,0,5,0
2017,5,Estádio BBVA,1818,13500,8558,20,6,Marrocos,Canadá,3,0,5400000,8000000,1,-1,-3,0,4,1,1,2,0
2017,5,Estádio Azteca,14486,20120,9144,17,7,Canadá,Equador,1,0,22550000,8400000,1,-1,-2,0,2,-0,0,3,0
2017,6,Mercedes-Benz Stadium,33066,43600,33577,16,4,Suécia,Uzbequistão,3,1,23400000,15530000,1,-1,-1,0,1,0,0,2,0
2017,6,AT&T Stadium,20493,42372,19220,19,14,França,África do Sul,0,2,18750000,23250000,-1,-0,0,1,0,1,1,1,0
2017,7,Gillette Stadium,10033,22600,10236.75,4,11,Turquia,Austrália,2,1,12050000,9600000,1,-1,-1,0,2,1,1,1,0
2017,7,BMO Field,10924,23018,14817.5,16,20,Bósnia e Herzegovina,Haiti,0,1,30000000,15850000,-1,-1,-2,0,1,-1,-2,0,1
2017,7,GEHA Field at Arrowhead Stadium,11904,35000,7861.5,15,9,Croácia,Colômbia,0,0,13150000,27150000,0,-1,-1,0,1,-1,-1,0,1
2017,7,Estádio BBVA,2572,13500,7061.5,19,17,Senegal,Paraguai,3,1,5450000,6150000,1,-1,-2,0,1,0,0,1,0
2017,8,Gillette Stadium,11603,22600,10510,4,12,Croácia,RD Congo,0,2,12300000,10400000,-1,1,1,1,0,-0,0,2,0
2017,8,NRG Stadium,33621,55000,18507.25,6,15,Portugal,Brasil,2,4,NA,NA,-1,-0,0,1,0,-1,-1,0,1
2017,8,GEHA Field at Arrowhead Stadium,7135,35000,7716.2,14,18,Costa do Marfim,Brasil,1,3,17900000,15000000,-1,0,0,1,0,0,0,2,0
2017,8,Estádio BBVA,4420,13500,6533.2,17,20,Coreia do Sul,Japão,0,1,5400000,21500000,-1,1,2,1,0,1,1,1,0
2017,8,Estádio Azteca,19984,37730,11511.8,5,10,Tunísia,Equador,0,0,32250000,13300000,0,1,1,3,0,-1,-2,0,1
2017,9,Mercedes-Benz Stadium,29014,43600,32436.25,13,19,Escócia,Turquia,1,0,28700000,5300000,1,1,2,1,0,-1,-1,0,1
2017,9,AT&T Stadium,19150,42372,19202.5,18,14,Holanda,Portugal,1,0,20250000,31400000,1,1,1,2,0,-1,-1,0,1
2017,9,BMO Field,12027,23018,14259.4,15,17,África do Sul,Japão,2,2,30000000,19900000,0,1,1,1,0,-1,-2,0,1
2017,10,Gillette Stadium,8502,22600,10175.333333333334,10,16,Inglaterra,Turquia,0,1,9650000,19600000,-1,-1,-4,0,2,0,0,2,0
2017,10,NRG Stadium,21929,55000,19191.6,15,6,Croácia,Suécia,0,1,NA,NA,-1,-1,-3,0,2,1,4,4,0
2017,10,AT&T Stadium,17784,42372,18918.8,13,18,Escócia,México,4,1,16750000,16500000,1,1,1,3,0,-1,-2,0,1
2017,11,BMO Field,17251,23018,14758,13,10,Panamá,Uruguai,3,1,23850000,22900000,1,1,1,3,0,1,2,1,0
2017,11,GEHA Field at Arrowhead Stadium,11031,35000,8268.666666666666,15,12,Austrália,Uzbequistão,1,0,19900000,11250000,1,1,1,2,0,1,3,4,0
2017,11,Estádio BBVA,5898,13500,6427.333333333333,20,5,República Tcheca,Costa do Marfim,1,1,6250000,16200000,0,-1,-1,0,3,-1,-1,0,1
2017,11,Estádio Azteca,29075,37730,31764,4,2,Argélia,Uruguai,1,0,22050000,14250000,1,1,1,3,0,-1,-1,0,1
2017,12,Gillette Stadium,9689,22600,10105.857142857143,15,14,Austrália,Irã,1,1,10100000,18500000,0,-0,0,1,0,-1,-1,0,1
2017,12,NRG Stadium,18267,55000,19037.5,16,6,Alemanha,Iraque,1,1,NA,NA,0,-0,0,1,0,0,0,4,0
2017,13,Mercedes-Benz Stadium,39091,43600,32985.166666666664,5,1,Suíça,Senegal,0,2,31650000,22500000,-1,-1,-2,0,1,1,2,13,0
2017,13,AT&T Stadium,15984,42372,18429.666666666668,14,9,Coreia do Sul,Haiti,0,2,21500000,24750000,-1,-0,0,1,0,1,2,1,0
2017,13,Lincoln Financial Field,25861,35000,10781.857142857143,6,15,Jordânia,Haiti,3,0,17400000,10100000,1,1,3,4,0,0,0,2,0
2017,13,BMO Field,12949,23018,14499.57142857143,8,4,Panamá,Colômbia,0,1,31350000,18550000,-1,-0,0,5,0,1,1,2,0
2017,14,Gillette Stadium,10742,22600,10185.375,16,17,Egito,Estados Unidos,2,0,8500000,33230000,1,-1,-3,0,1,0,0,1,0
2017,14,Mercedes-Benz Stadium,36263,43600,33453.42857142857,7,18,Escócia,Equador,4,2,29650000,14550000,1,-1,-2,0,2,-1,-3,0,1
2017,14,Estádio BBVA,5235,13500,5832,20,12,Noruega,Tunísia,1,2,6800000,27750000,-1,-0,0,1,0,-1,-1,0,1
2017,15,AT&T Stadium,15134,42372,17958.85714285714,15,6,Suíça,Coreia do Sul,0,0,22500000,12900000,0,-0,0,1,0,1,1,3,0
2017,15,BMO Field,12177,23018,14209.25,10,14,Gana,Canadá,0,2,NA,NA,-1,1,1,1,0,0,0,4,0
2017,15,GEHA Field at Arrowhead Stadium,9748,35000,10652.625,8,20,Senegal,Argentina,4,0,22300000,7100000,1,-1,-1,0,1,-1,-1,0,1
2017,16,AT&T Stadium,13661,42372,17421.625,16,14,Turquia,Panamá,0,2,17000000,9150000,-1,0,0,2,0,1,4,1,0
2017,16,Lincoln Financial Field,42025,46154,14138.444444444445,5,6,Bósnia e Herzegovina,Suécia,0,2,20900000,27500000,-1,1,4,1,0,-0,0,2,0
2017,16,BMO Field,12497,23018,14019,10,11,Catar,Canadá,1,2,22200000,10400000,-1,-1,-2,0,1,-1,-1,0,1
2017,16,Estádio BBVA,5462,13500,5790.888888888889,20,7,Turquia,Iraque,1,1,8200000,10100000,0,-1,-4,0,2,-0,0,4,0
2017,16,Estádio Azteca,35769,37730,12939.444444444445,3,12,Gana,Jordânia,3,0,NA,NA,1,1,1,5,0,1,2,5,0
2017,17,Gillette Stadium,9744,22600,10136.333333333334,12,20,Panamá,Equador,1,2,8900000,5900000,-1,1,1,1,0,0,0,1,0
2017,17,Mercedes-Benz Stadium,33633,43600,33475.875,5,17,Inglaterra,Japão,2,0,37400000,5950000,1,1,2,3,0,1,1,3,0
2017,17,NRG Stadium,17869,55000,18060.375,14,6,Noruega,Suécia,1,3,NA,NA,-1,-1,-3,0,1,-1,-2,0,1
2017,17,MetLife Stadium,7245,24584,13687.888888888889,8,16,Haiti,Uruguai,0,1,7780000,15050000,-1,1,1,1,0,-1,-2,0,1
2017,18,Gillette Stadium,3466,25000,9469.3,13,15,Irã,Curaçao,1,1,9500000,11100000,0,-1,-1,0,1,-1,-2,0,2
2017,18,AT&T Stadium,14040,28327,17045.88888888889,14,18,Argélia,México,5,0,17300000,6200000,1,1,1,1,0,-1,-2,0,1
2017,18,GEHA Field at Arrowhead Stadium,16918,35000,14416.4,6,11,Argélia,Gana,2,2,20800000,17550000,0,1,2,1,0,-0,0,1,0
2017,18,Estádio BBVA,4142,13500,5626,20,2,Paraguai,Uruguai,0,1,7900000,17450000,-1,1,1,2,0,0,0,5,0
2017,18,MetLife Stadium,5780,15150,12897.1,10,8,Espanha,Nova Zelândia,0,3,8150000,22250000,-1,-1,-1,0,1,0,0,1,0
2017,18,Estádio Azteca,27030,37730,14348.5,3,4,Alemanha,Jordânia,3,2,26000000,39750000,1,-0,0,7,0,-0,0,4,0
2017,19,Mercedes-Benz Stadium,29778,43600,33065,4,10,Espanha,Turquia,0,1,21300000,21300000,-1,1,1,5,0,1,5,2,0
2017,19,NRG Stadium,24517,55000,18777.777777777777,16,17,Bélgica,Turquia,2,1,11850000,22700000,1,-0,0,1,0,-1,-1,0,1
2017,20,Gillette Stadium,15831,22600,10047.636363636364,16,1,Suécia,Egito,0,1,9750000,21450000,-1,-1,-2,0,1,1,2,20,0
2017,20,AT&T Stadium,13963,42372,16737.6,9,13,Cabo Verde,Jordânia,4,1,19050000,10700000,1,1,1,3,0,1,1,2,0
2017,20,BMO Field,11031,15000,16587.363636363636,15,5,Escócia,Inglaterra,2,0,33250000,32100000,1,-1,-2,0,2,-1,-2,0,2
2017,20,GEHA Field at Arrowhead Stadium,12967,35000,14284.636363636364,6,14,Bósnia e Herzegovina,Holanda,0,0,19200000,8800000,0,-1,-2,0,1,0,0,1,0
2017,20,Estádio BBVA,1035,50049,5208.636363636364,20,11,França,República Tcheca,1,0,7100000,9250000,1,-1,-2,0,2,1,2,2,0
2017,20,MetLife Stadium,5323,15150,12208.545454545454,12,4,Gana,Paraguai,1,1,9450000,30900000,0,-0,0,1,0,-1,-1,0,1
2017,20,Estádio Azteca,22018,37730,15045.727272727272,3,8,Cabo Verde,Uruguai,0,0,29000000,17750000,0,-0,0,9,0,1,2,3,0
2017,21,Mercedes-Benz Stadium,21261,43600,31884.6,4,17,RD Congo,Curaçao,0,2,32150000,10000000,-1,-0,0,1,0,-1,-1,0,2
2017,21,NRG Stadium,22248,55000,19124.8,15,13,Irã,México,3,0,10400000,8950000,1,-1,-3,0,1,0,0,2,0
2017,22,Mercedes-Benz Stadium,33537,43600,32034.81818181818,4,17,República Tcheca,México,4,2,31150000,38950000,1,-1,-2,0,1,-0,0,2,0
2017,22,NRG Stadium,22585,55000,19439.363636363636,12,10,Catar,Estados Unidos,1,2,10400000,11550000,-1,1,3,1,0,-1,-1,0,1
2017,23,Gillette Stadium,9676,22600,10016.666666666666,17,6,Espanha,África do Sul,1,2,10250000,22850000,-1,-1,-1,0,1,0,0,2,0
2017,23,AT&T Stadium,17420,42372,16799.636363636364,9,15,Espanha,Suécia,1,1,20050000,10200000,0,-1,-2,0,1,-1,-1,0,1
2017,23,BMO Field,15672,23018,16511.083333333332,10,4,Turquia,Nova Zelândia,1,1,29500000,30400000,0,1,1,1,0,1,2,1,0
2017,23,GEHA Field at Arrowhead Stadium,9870,35000,13916.75,11,18,Bósnia e Herzegovina,Uzbequistão,0,1,22050000,5600000,-1,-1,-5,0,2,1,1,4,0
2017,23,Estádio BBVA,3818,13500,5092.75,20,14,Holanda,Suíça,1,1,7750000,9600000,0,1,1,1,0,-1,-1,0,1
2017,24,AT&T Stadium,13404,42372,16516.666666666668,9,8,Escócia,Suíça,3,1,20000000,10400000,1,0,0,1,0,-0,0,1,0
2017,24,Estádio Azteca,26621,37730,31583.666666666668,4,16,Cabo Verde,México,1,0,30500000,14200000,1,-0,0,2,0,-0,0,1,0
2017,25,Gillette Stadium,9980,22600,10013.846153846154,15,14,Turquia,Egito,1,0,11850000,12350000,1,1,1,1,0,-1,-2,0,1
2017,25,NRG Stadium,13102,55000,18911.25,16,2,França,Suíça,1,0,10900000,14750000,1,-1,-1,0,1,-1,-1,0,2
2017,25,BMO Field,10865,23018,16076.76923076923,10,19,República Tcheca,Panamá,1,3,26600000,11300000,-1,-0,0,3,0,-1,-1,0,1
2017,25,GEHA Field at Arrowhead Stadium,17190,35000,14168.538461538461,12,11,Bósnia e Herzegovina,Uruguai,1,1,20650000,12700000,0,-1,-2,0,4,-1,-1,0,1
2017,26,Mercedes-Benz Stadium,37527,43600,32040.846153846152,4,2,Colômbia,Uruguai,0,1,33250000,17250000,-1,1,1,4,0,1,1,1,0
2017,26,NRG Stadium,21327,55000,19097.076923076922,13,19,Suécia,Irã,1,1,9650000,13100000,0,1,1,1,0,-1,-1,0,2
2017,26,AT&T Stadium,13177,42372,16259.76923076923,8,11,França,Haiti,0,2,19550000,31000000,-1,-1,-1,0,1,-1,-2,0,1
2017,27,Mercedes-Benz Stadium,25331,43600,31561.571428571428,4,13,Bósnia e Herzegovina,Estados Unidos,2,2,30750000,8350000,0,-1,-1,0,1,0,0,2,0
2017,27,AT&T Stadium,7537,42372,15636.714285714286,8,20,França,Holanda,2,2,20000000,7100000,0,-1,-2,0,2,1,2,1,0
2017,27,BMO Field,17606,23018,16186,9,15,França,RD Congo,1,0,34750000,29530000,1,1,2,1,0,1,1,4,0
2017,28,Gillette Stadium,10484,22600,10047.42857142857,16,7,Gana,Colômbia,0,1,15100000,38100000,-1,-1,-1,0,1,0,0,1,0
2017,28,NRG Stadium,23413,55000,19405.35714285714,12,1,Croácia,Espanha,2,0,10550000,19750000,1,-0,0,3,0,1,2,4,0
2017,28,GEHA Field at Arrowhead Stadium,20273,35000,14604.57142857143,11,8,França,Tunísia,1,1,16800000,34250000,0,1,1,1,0,1,1,2,0
2017,28,Estádio BBVA,12619,13500,5640.642857142857,20,5,Inglaterra,Coreia do Sul,1,3,7750000,26250000,-1,-0,0,2,0,0,0,1,0
2017,28,Estádio Azteca,19007,35000,14381,2,15,Marrocos,Colômbia,2,2,26250000,9850000,0,-0,0,3,0,-1,-1,0,1
2017,28,Estádio Azteca,26833,37730,34898,17,10,República Tcheca,Colômbia,2,1,31000000,19550000,1,-1,-1,0,1,0,0,1,0
2017,29,BMO Field,11927,23018,15902.066666666668,9,17,Argentina,Nova Zelândia,2,3,34250000,15900000,-1,-0,0,3,0,-1,-1,0,2
2017,29,GEHA Field at Arrowhead Stadium,16377,35000,14722.733333333334,14,3,Portugal,Argentina,1,1,18050000,24500000,0,0,0,2,0,0,0,4,0
2017,29,Estádio Azteca,17778,37730,30642.666666666668,4,16,Alemanha,Croácia,2,0,26250000,9350000,1,1,2,2,0,-1,-1,0,1
2017,30,Gillette Stadium,10010,22600,10044.933333333332,14,9,Argentina,Equador,2,0,15900000,15800000,1,1,1,1,0,1,2,3,0
2017,30,NRG Stadium,31185,55000,20190.666666666668,12,16,Escócia,Holanda,2,1,11600000,10600000,1,-1,-3,0,1,-1,-1,0,1
2017,30,AT&T Stadium,10407,42372,15288.066666666668,10,13,Holanda,Equador,2,1,17550000,20800000,1,1,1,1,0,0,0,3,0
2017,30,Estádio Azteca,32965,37730,34769.13333333333,15,6,Colômbia,Paraguai,2,0,35950000,33350000,1,-1,-2,0,1,1,3,3,0
2017,31,Mercedes-Benz Stadium,37961,43600,31100.0625,2,5,Holanda,Turquia,2,2,30500000,27000000,0,1,2,4,0,-1,-2,0,2
2017,31,AT&T Stadium,10529,42372,14990.625,9,13,Arábia Saudita,Curaçao,0,0,20050000,15900000,0,1,1,2,0,1,2,2,0
2017,31,BMO Field,17086,23018,15976.0625,10,6,África do Sul,Uruguai,0,0,32250000,9000000,0,1,2,1,0,1,1,2,0
2017,31,GEHA Field at Arrowhead Stadium,9982,35000,14426.4375,15,19,Escócia,Egito,3,4,21800000,13250000,-1,-1,-1,0,1,-0,0,2,0
2017,31,Estádio Azteca,40004,40500,35096.3125,14,3,Arábia Saudita,Iraque,2,1,35950000,27500000,1,1,2,1,0,1,1,6,0
2017,32,Gillette Stadium,10654,22600,10083,14,15,Suécia,Suíça,1,1,12650000,19300000,0,-0,0,3,0,-1,-1,0,2
2017,32,NRG Stadium,20539,55000,20212.4375,13,17,Alemanha,Haiti,2,0,12000000,14350000,1,-0,0,2,0,1,1,1,0
2017,33,AT&T Stadium,19394,42372,15249.64705882353,12,1,Canadá,Estados Unidos,0,1,18750000,31750000,-1,-1,-1,0,1,1,1,1,0
2017,33,BMO Field,8204,23018,15518.882352941177,13,20,Gana,Argentina,3,2,35500000,6100000,1,-1,-2,0,1,-1,-1,0,1
2017,33,GEHA Field at Arrowhead Stadium,24119,35000,14996.588235294117,16,6,África do Sul,Senegal,1,2,17550000,13350000,-1,-0,0,1,0,-1,-1,0,1
2017,33,Estádio Azteca,35037,37730,35092.82352941176,9,14,Noruega,Estados Unidos,2,2,32950000,11550000,0,1,1,3,0,0,0,4,0
2017,34,Gillette Stadium,11301,22600,10154.64705882353,14,3,Gana,Iraque,2,0,15900000,27500000,1,-0,0,5,0,-1,-1,0,1
2017,34,Mercedes-Benz Stadium,27831,43600,30907.764705882353,4,7,Costa do Marfim,Uruguai,2,0,27750000,28750000,1,-1,-2,0,2,1,2,1,0
2017,34,NRG Stadium,29769,55000,20774.58823529412,9,10,Suíça,Arábia Saudita,2,2,12100000,21600000,0,1,1,4,0,1,1,1,0
2017,34,SoFi Stadium,14021,19248,21782.529411764706,2,16,Suíça,Marrocos,1,1,38350000,13050000,0,1,1,3,0,1,2,3,0
2017,34,Estádio BBVA,338,13500,6238.235294117647,20,17,Egito,Colômbia,2,0,5900000,17050000,1,-1,-1,0,2,-1,-1,0,1
2017,35,Gillette Stadium,7546,22600,10009.722222222223,13,16,Áustria,Senegal,2,1,15900000,12300000,1,1,2,6,0,-0,0,4,0
2017,35,Mercedes-Benz Stadium,18744,43600,30232,3,17,Holanda,México,5,1,31750000,17700000,1,1,2,1,0,-1,-2,0,2
2017,35,NRG Stadium,22896,55000,20892.444444444445,9,4,Croácia,Jordânia,3,1,12100000,29750000,1,0,0,5,0,-1,-2,0,2
2017,36,AT&T Stadium,9991,42372,14957.5,13,8,República Tcheca,Argentina,3,1,20000000,15800000,1,-1,-1,0,1,0,0,11,0
2017,36,BMO Field,19719,23018,15752.222222222223,10,15,Escócia,Jordânia,3,0,28850000,12850000,1,-0,0,3,0,1,1,7,0
2017,36,GEHA Field at Arrowhead Stadium,14697,35000,14979.944444444445,18,9,Noruega,Colômbia,1,0,17700000,14100000,1,-1,-4,0,3,1,2,6,0
2017,36,Estádio BBVA,2280,13500,6018.333333333333,20,11,Estados Unidos,Argentina,1,1,6450000,13650000,0,1,1,2,0,1,1,7,0
2017,36,Estádio Azteca,25771,37730,34574.944444444445,12,6,Espanha,Haiti,0,0,31550000,13300000,0,-1,-1,0,1,-1,-1,0,2
2017,37,Mercedes-Benz Stadium,23562,43600,29880.947368421053,3,7,Suécia,Nova Zelândia,2,0,30750000,12300000,1,-1,-1,0,1,-0,0,1,0
2017,37,NRG Stadium,35437,55000,21657.947368421053,10,12,Inglaterra,Brasil,0,1,12350000,16650000,-1,-1,-1,0,1,-0,0,8,0
2017,38,Gillette Stadium,12913,22600,10162.526315789473,10,16,Uzbequistão,Brasil,2,1,15000000,11750000,1,1,1,9,0,-1,-1,0,2
2017,38,AT&T Stadium,12879,42372,14848.105263157895,13,2,Gana,Equador,3,0,15800000,34750000,1,-1,-1,0,1,1,2,1,0
2017,38,BMO Field,19116,23018,15929.263157894737,9,3,Irã,Iraque,4,3,28000000,600000,1,-0,0,5,0,0,0,1,0
2017,38,GEHA Field at Arrowhead Stadium,29977,35000,15769.263157894737,17,1,Alemanha,Cabo Verde,1,0,17700000,18500000,1,1,1,2,0,0,0,1,0
2017,38,Estádio BBVA,2996,13500,5859.263157894737,20,14,Austrália,Argentina,1,1,6250000,25850000,0,-0,0,4,0,-1,-1,0,1
2018,1,Estádio Azteca,15513,37730,15513,3,18,Gana,Brasil,2,0,26900000,7430000,1,0,0,1,0,0,0,1,0
2018,1,AT&T Stadium,9258,42372,9258,1,20,Espanha,Suíça,5,1,13000000,15500000,1,0,0,1,0,0,0,1,0
2018,1,BMO Field,8662,25000,8662,2,19,Croácia,Egito,3,0,7300000,9100000,1,0,0,1,0,0,0,1,0
2018,2,Gillette Stadium,8675,22600,8675,20,6,Espanha,México,1,1,15350000,13050000,0,-1,-4,0,1,1,1,2,0
2018,2,Estádio Azteca,25504,37730,25504,11,4,Uzbequistão,Curaçao,1,0,38750000,23400000,1,-0,0,2,0,1,2,2,0
2018,2,Levi's Stadium,30186,60326,30186,18,8,Bélgica,Estados Unidos,0,0,6930000,26000000,0,-1,-2,0,1,1,1,2,0
2018,2,GEHA Field at Arrowhead Stadium,7083,35000,7083,19,12,Bélgica,Austrália,1,1,12450000,12600000,0,-1,-3,0,1,0,0,2,0
2018,2,NRG Stadium,15588,55000,15588,17,3,Croácia,Turquia,1,0,12100000,26900000,1,-1,-2,0,1,1,2,2,0
2018,2,BMO Field,10423,23018,10423,13,10,Turquia,Catar,2,1,22350000,9580000,1,-1,-1,0,1,0,0,2,0
2018,3,Mercedes-Benz Stadium,30617,43600,28060.5,5,18,Estados Unidos,Nova Zelândia,0,0,44100000,15450000,0,1,1,3,0,0,0,1,0
2018,3,Levi's Stadium,52952,60326,41569,16,3,Iraque,Paraguai,0,3,7950000,55000000,-1,0,0,1,0,1,2,3,0
2018,3,BMO Field,9453,25000,9057.5,8,15,Tunísia,Catar,2,1,7750000,9580000,1,-1,-2,0,1,-1,-1,0,1
2018,3,NRG Stadium,16313,55000,15950.5,13,2,Holanda,Uzbequistão,0,0,12550000,13450000,0,1,1,1,0,-0,0,3,0
2018,3,BMO Field,19825,23018,15124,11,1,Curaçao,Colômbia,1,0,22350000,36000000,1,1,1,1,0,1,4,3,0
2018,3,Estádio Azteca,12985,20120,14249,9,4,Espanha,Tunísia,1,1,36300000,11250000,0,-1,-1,0,1,-0,0,3,0
2018,4,Gillette Stadium,7838,22600,8256.5,16,20,África do Sul,Arábia Saudita,1,1,14250000,5430000,0,-0,0,2,0,-1,-1,0,3
2018,4,AT&T Stadium,20417,42372,14837.5,5,8,Tunísia,Japão,1,3,16500000,29750000,-1,-0,0,4,0,0,0,4,0
2018,4,GEHA Field at Arrowhead Stadium,15165,35000,11124,15,14,Suécia,Panamá,2,0,12400000,12400000,1,1,1,2,0,0,0,2,0
2018,5,Gillette Stadium,10931,22600,9148,17,1,Suíça,Gana,3,2,15250000,15700000,1,0,0,3,0,1,2,5,0
2018,5,AT&T Stadium,8400,42372,12691.666666666666,11,6,Gana,Arábia Saudita,1,2,12600000,22350000,-1,-1,-2,0,1,-0,0,3,0
2018,5,Levi's Stadium,13898,60326,32345.333333333332,18,9,Marrocos,Uzbequistão,2,2,8280000,8550000,0,-0,0,1,0,-1,-3,0,1
2018,5,NRG Stadium,20847,55000,17582.666666666668,16,10,Tunísia,México,2,2,11900000,20950000,0,-1,-2,0,1,0,0,5,0
2018,6,Lincoln Financial Field,28942,46154,17063.333333333332,12,2,Inglaterra,Uruguai,1,1,13100000,14650000,0,-1,-2,0,1,1,1,2,0
2018,6,Mercedes-Benz Stadium,26351,43600,27490.666666666668,6,17,Holanda,RD Congo,3,0,32250000,11400000,1,-1,-1,0,1,0,0,1,0
2018,6,BMO Field,4689,25000,7601.333333333333,10,7,Holanda,Canadá,1,0,7900000,10400000,1,-0,0,1,0,1,1,1,0
2018,6,BMO Field,15384,23018,15210.666666666666,3,8,RD Congo,Estados Unidos,1,0,25600000,17650000,1,1,1,4,0,1,2,3,0
2018,7,Mercedes-Benz Stadium,25947,43600,27104.75,4,12,Egito,Canadá,2,3,35450000,13400000,-1,1,3,1,0,0,0,1,0
2018,7,Estádio Azteca,10670,37730,10784.75,15,13,Egito,Marrocos,0,1,33150000,25000000,-1,-1,-1,0,1,-1,-1,0,1
2018,7,Levi's Stadium,14012,60326,27762,19,8,Holanda,Estados Unidos,0,1,NA,NA,-1,-1,-1,0,1,-0,0,3,0
2018,7,BMO Field,4360,25000,6791,6,7,Croácia,Panamá,1,3,8600000,29350000,-1,1,1,2,0,1,1,7,0
2018,7,NRG Stadium,15031,55000,16944.75,18,9,Bélgica,Equador,3,0,13250000,12750000,1,-1,-3,0,1,-0,0,1,0
2018,7,BMO Field,15797,23018,15357.25,1,2,Coreia do Sul,Curaçao,0,1,28650000,74550000,-1,1,1,5,0,0,0,1,0
2018,8,Gillette Stadium,7015,22600,8614.75,18,19,Alemanha,RD Congo,2,0,NA,NA,1,-1,-2,0,2,-1,-1,0,2
2018,8,AT&T Stadium,9173,42372,11812,17,16,Catar,Iraque,2,0,17450000,38750000,1,-0,0,1,0,-1,-1,0,2
2018,8,GEHA Field at Arrowhead Stadium,15605,35000,16698.75,9,3,Catar,Brasil,3,2,13050000,29250000,1,1,1,2,0,-1,-1,0,1
2018,9,Mercedes-Benz Stadium,32841,43600,28252,11,2,Noruega,Argentina,3,1,30700000,32250000,1,-1,-1,0,2,1,1,9,0
2018,9,Levi's Stadium,15234,60326,25256.4,19,7,Suécia,Curaçao,0,1,NA,NA,-1,-1,-2,0,3,1,1,2,0
2018,9,BMO Field,4679,25000,6368.6,12,13,Gana,Haiti,3,1,8150000,16650000,1,-1,-1,0,2,1,2,2,0
2018,9,NRG Stadium,15990,55000,16753.8,17,9,Coreia do Sul,México,0,2,14750000,29600000,-1,-1,-2,0,1,0,0,5,0
2018,9,BMO Field,10298,23018,14345.4,8,15,França,Uzbequistão,3,3,28250000,13850000,0,-1,-1,0,2,1,2,1,0
2018,10,BMO Field,7776,25000,6603.166666666667,11,10,Cabo Verde,Equador,1,3,8200000,30200000,-1,1,2,1,0,0,0,1,0
2018,10,GEHA Field at Arrowhead Stadium,17841,35000,16927.2,6,16,Alemanha,Brasil,1,0,12250000,14150000,1,-0,0,4,0,-1,-2,0,1
2018,10,Estádio Akron,60000,71400,22593.2,9,1,Croácia,Marrocos,0,2,13650000,74500000,-1,-1,-1,0,1,1,1,4,0
2018,11,Gillette Stadium,6637,22600,8219.2,16,5,Panamá,Nova Zelândia,2,0,13850000,24500000,1,-1,-1,0,1,0,0,4,0
2018,11,AT&T Stadium,9323,42372,11314.2,17,6,Gana,Panamá,0,1,13000000,28350000,-1,-1,-1,0,2,0,0,1,0
2018,11,Levi's Stadium,32732,60326,26502.333333333332,20,3,Espanha,Costa do Marfim,2,2,7350000,31500000,0,-0,0,1,0,1,2,2,0
2018,11,NRG Stadium,12806,55000,16095.833333333334,19,13,Egito,Uruguai,3,3,14900000,14500000,0,-1,-1,0,3,0,0,2,0
2018,11,BMO Field,14476,23018,14367.166666666666,4,10,África do Sul,Panamá,5,2,29950000,12450000,1,1,2,2,0,-1,-2,0,2
2018,12,Mercedes-Benz Stadium,36882,43600,29690.333333333332,6,1,França,Egito,1,1,27750000,70950000,0,-0,0,3,0,1,2,6,0
2018,12,BMO Field,4894,25000,6359,13,14,Bósnia e Herzegovina,Paraguai,0,0,7250000,12600000,0,-1,-1,0,2,1,2,1,0
2018,12,GEHA Field at Arrowhead Stadium,19497,35000,17355.5,7,4,Equador,Uruguai,0,0,13250000,49350000,0,-1,-1,0,1,1,1,1,0
2018,12,NRG Stadium,15041,55000,15945.142857142857,18,9,Catar,Japão,1,0,14900000,31900000,1,0,0,1,0,0,0,2,0
2018,12,BMO Field,22119,23018,15474.57142857143,2,20,Bélgica,África do Sul,2,1,30450000,7350000,1,1,3,3,0,0,0,2,0
2018,13,Gillette Stadium,7534,22600,8105,15,17,Áustria,México,1,1,10300000,12950000,0,-0,0,2,0,1,1,2,0
2018,13,Estádio Azteca,26417,37730,11652.42857142857,12,6,África do Sul,Tunísia,1,1,41750000,37600000,0,1,1,1,0,0,0,4,0
2018,13,AT&T Stadium,9176,42372,10957.833333333334,19,4,Suécia,Brasil,2,2,12200000,25150000,0,-1,-2,0,4,1,2,8,0
2018,14,Gillette Stadium,7100,22600,7961.428571428572,15,12,Inglaterra,Catar,0,0,10700000,29750000,0,0,0,3,0,0,0,2,0
2018,14,Mercedes-Benz Stadium,29246,43600,29626.85714285714,7,3,Cabo Verde,Coreia do Sul,3,2,40700000,20100000,1,-0,0,5,0,-1,-2,0,1
2018,14,GEHA Field at Arrowhead Stadium,11119,35000,16464.571428571428,9,13,França,Marrocos,1,2,11600000,14550000,-1,-1,-1,0,1,-0,0,1,0
2018,14,NRG Stadium,24312,55000,16991,17,14,Noruega,Coreia do Sul,4,1,12950000,12650000,1,-0,0,3,0,1,1,1,0
2018,15,BMO Field,4625,25000,6142.25,17,3,Marrocos,Panamá,2,1,9450000,24800000,1,-1,-1,0,2,1,1,10,0
2018,15,BMO Field,17244,23018,15695.75,5,18,Gana,Nova Zelândia,2,0,15650000,6700000,1,-1,-1,0,2,1,1,1,0
2018,15,AT&T Stadium,12907,42372,11236.285714285714,19,8,África do Sul,Egito,1,0,10250000,9950000,1,-1,-1,0,1,1,1,2,0
2018,16,Gillette Stadium,14382,22600,8764,17,4,França,Gana,1,1,8600000,10150000,0,-1,-1,0,1,1,1,1,0
2018,16,Mercedes-Benz Stadium,35776,43600,30395.5,7,19,Inglaterra,Costa do Marfim,3,0,38050000,6900000,1,-1,-1,0,1,-1,-2,0,1
2018,16,AT&T Stadium,9795,42372,11056.125,18,14,Cabo Verde,RD Congo,4,0,10550000,9300000,1,1,1,1,0,1,1,1,0
2018,16,NRG Stadium,15993,55000,16880.11111111111,12,3,Arábia Saudita,Japão,2,2,11350000,18300000,0,1,2,5,0,1,2,1,0
2018,16,Estádio Akron,33516,71400,10018.333333333334,10,8,Espanha,Holanda,1,4,NA,NA,-1,-1,-1,0,1,1,2,1,0
2018,16,Levi's Stadium,11322,20200,21809.777777777777,20,9,Egito,México,1,0,6650000,14450000,1,-1,-2,0,2,1,1,3,0
2018,17,BMO Field,8077,25000,6357.222222222223,10,6,Turquia,Estados Unidos,0,0,9150000,31300000,0,1,1,2,0,1,3,1,0
2018,17,GEHA Field at Arrowhead Stadium,6787,35000,15254.875,14,17,França,Paraguai,1,1,13100000,9950000,0,-1,-3,0,4,0,0,1,0
2018,17,BMO Field,22035,23018,16400.11111111111,4,3,Bósnia e Herzegovina,Catar,0,1,11850000,25200000,-1,-0,0,2,0,1,3,1,0
2018,18,Gillette Stadium,10070,22600,8909.111111111111,17,7,Austrália,Nova Zelândia,2,1,10050000,18050000,1,-0,0,2,0,0,0,3,0
2018,18,GEHA Field at Arrowhead Stadium,16050,35000,15343.222222222223,14,1,Marrocos,Arábia Saudita,1,3,11200000,31000000,-1,0,0,1,0,1,1,2,0
2018,18,NRG Stadium,19100,55000,17102.1,11,10,Portugal,Uzbequistão,1,0,12350000,9450000,1,-0,0,7,0,0,0,3,0
2018,18,BMO Field,22062,23018,16966.3,5,16,República Tcheca,Argélia,3,1,11200000,40750000,1,-1,-1,0,1,-0,0,1,0
2018,18,Mercedes-Benz Stadium,30012,43600,30352.88888888889,6,13,Áustria,África do Sul,1,0,NA,NA,1,-0,0,2,0,-1,-1,0,3
2018,19,BMO Field,4851,25000,6206.6,12,10,Arábia Saudita,Uzbequistão,0,0,9350000,14550000,0,-1,-1,0,1,-1,-3,0,1
2018,19,AT&T Stadium,22061,42372,12278.888888888889,17,2,França,Panamá,3,0,11500000,44100000,1,-0,0,4,0,1,1,1,0
2018,20,Gillette Stadium,4146,22600,8432.8,16,13,Inglaterra,República Tcheca,2,1,8250000,10600000,1,-1,-2,0,1,1,3,5,0
2018,20,Mercedes-Benz Stadium,24882,43600,29805.8,6,12,África do Sul,Brasil,2,0,34450000,11800000,1,1,3,4,0,-1,-3,0,1
2018,20,BMO Field,22452,23018,17465,5,15,México,Colômbia,0,0,17350000,10300000,0,1,3,2,0,0,0,1,0
2018,20,NRG Stadium,18671,55000,17244.727272727272,9,2,África do Sul,Colômbia,0,1,12950000,23700000,-1,-0,0,9,0,1,1,4,0
2018,20,GEHA Field at Arrowhead Stadium,16425,35000,15451.4,17,11,Alemanha,Inglaterra,0,2,12500000,9000000,-1,-1,-3,0,2,0,0,1,0
2018,21,BMO Field,12887,25000,6813.909090909091,10,3,Suécia,Colômbia,2,2,9350000,51500000,0,1,2,2,0,1,1,1,0
2018,21,AT&T Stadium,13577,42372,12408.7,16,4,Áustria,Inglaterra,2,1,11500000,10600000,1,-1,-1,0,1,0,0,6,0
2018,22,AT&T Stadium,13433,42372,12501.818181818182,15,13,Uzbequistão,Equador,2,0,11200000,13850000,1,1,1,1,0,-1,-2,0,2
2018,22,Gillette Stadium,4546,22600,8079.454545454545,16,4,Alemanha,Panamá,1,2,7000000,30900000,-1,-1,-2,0,1,-0,0,6,0
2018,22,GEHA Field at Arrowhead Stadium,13966,35000,15316.363636363636,18,20,Escócia,Coreia do Sul,1,0,10950000,6550000,1,-1,-2,0,4,-1,-1,0,1
2018,23,Estádio Azteca,16083,37000,11728.25,9,4,Alemanha,Bélgica,0,0,35800000,24450000,0,1,3,4,0,1,4,1,0
2018,23,Mercedes-Benz Stadium,24601,43600,29332.636363636364,5,10,Iraque,Uruguai,2,0,28200000,11200000,1,1,1,7,0,1,2,2,0
2018,23,Levi's Stadium,39785,60326,22324.333333333332,19,8,Argentina,Paraguai,2,1,6180000,18300000,1,1,1,1,0,0,0,2,0
2018,23,BMO Field,5061,25000,6667.833333333333,12,15,Escócia,Arábia Saudita,2,1,9150000,11100000,1,-1,-1,0,1,-1,-3,0,1
2018,23,NRG Stadium,13816,55000,16959,14,18,Egito,Argentina,2,0,11600000,12250000,1,-1,-2,0,3,1,1,1,0
2018,23,BMO Field,20852,23018,17747.25,6,1,Bósnia e Herzegovina,Suíça,1,0,18100000,17400000,1,-0,0,1,0,0,0,7,0
2018,24,Mercedes-Benz Stadium,38568,43600,30102.25,3,8,Jordânia,Canadá,1,0,38150000,21400000,1,1,2,8,0,-1,-1,0,1
2018,24,BMO Field,20922,23018,17991.46153846154,6,13,Austrália,Paraguai,3,1,20050000,12700000,1,1,1,2,0,-1,-2,0,1
2018,24,BMO Field,4348,25000,6489.384615384615,9,19,Cabo Verde,Argentina,0,0,8950000,6430000,0,1,1,1,0,1,1,2,0
2018,24,GEHA Field at Arrowhead Stadium,9525,35000,14833.75,18,7,Egito,Japão,0,0,12850000,19700000,0,-1,-2,0,1,-0,0,5,0
2018,25,AT&T Stadium,10343,42372,12321.916666666666,14,9,Marrocos,Paraguai,3,1,11600000,11650000,1,-1,-2,0,2,1,1,3,0
2018,25,Levi's Stadium,32136,60326,23079.076923076922,19,12,República Tcheca,Suíça,2,0,6180000,10350000,1,-0,0,3,0,1,1,4,0
2018,25,Estádio Akron,54288,71400,15570.76923076923,16,4,Croácia,Uruguai,1,1,9700000,47550000,0,-1,-1,0,3,1,2,1,0
2018,25,Gillette Stadium,16981,22600,8821.25,17,1,Alemanha,Costa do Marfim,2,1,8250000,22600000,1,-1,-2,0,1,1,1,9,0
2018,25,NRG Stadium,24951,55000,17573.76923076923,13,3,Argélia,Haiti,1,1,12650000,35900000,0,-1,-1,0,1,1,1,9,0
2018,26,Gillette Stadium,5170,22600,8540.384615384615,16,10,Inglaterra,Curaçao,1,2,9600000,13850000,-1,1,1,1,0,-1,-2,0,1
2018,26,AT&T Stadium,15831,42372,12591.846153846154,11,20,Egito,Arábia Saudita,3,0,13900000,5600000,1,1,2,1,0,-1,-2,0,2
2018,26,GEHA Field at Arrowhead Stadium,18681,35000,15129.692307692309,19,3,Áustria,Catar,0,1,10650000,28650000,-1,-1,-1,0,1,-0,0,10,0
2018,27,BMO Field,22654,23018,18324.5,6,19,Argélia,Costa do Marfim,5,2,17950000,11950000,1,-1,-1,0,1,-1,-1,0,2
2018,27,Estádio Azteca,35654,37000,30529.30769230769,2,7,Catar,Colômbia,3,1,37900000,17300000,1,1,1,11,0,1,1,8,0
2018,27,Levi's Stadium,27485,60326,23393.785714285714,18,17,Portugal,Cabo Verde,3,1,6280000,8250000,1,-1,-1,0,1,-1,-1,0,1
2018,27,NRG Stadium,31626,55000,18577.5,15,4,Suíça,México,0,0,9750000,47750000,0,-1,-1,0,1,1,1,3,0
2018,27,BMO Field,8012,25000,6598.142857142857,13,8,Escócia,Irã,0,0,7700000,24550000,0,-0,0,1,0,0,0,2,0
2018,28,GEHA Field at Arrowhead Stadium,9979,35000,14761.785714285714,19,2,Áustria,Cabo Verde,2,1,10250000,19350000,1,-1,-3,0,3,1,1,2,0
2018,28,Gillette Stadium,10074,22600,8649.92857142857,18,6,Turquia,Argélia,1,0,9350000,16550000,1,-1,-2,0,2,1,3,1,0
2018,28,AT&T Stadium,11443,42372,12509.785714285714,11,13,Portugal,RD Congo,4,0,12050000,8650000,1,-1,-1,0,1,0,0,2,0
2018,29,Gillette Stadium,6280,22600,8491.933333333332,17,18,Canadá,Nova Zelândia,0,1,7750000,11100000,-1,1,1,1,0,-1,-1,0,4
2018,29,Estádio Azteca,35812,37000,30906.64285714286,1,5,Egito,Gana,2,0,35000000,35150000,1,1,2,13,0,0,0,4,0
2018,29,Levi's Stadium,29946,60326,23830.6,13,12,Escócia,Paraguai,0,0,6480000,12600000,0,1,2,2,0,0,0,4,0
2018,29,AT&T Stadium,13481,42372,12574.533333333333,10,19,Senegal,Panamá,4,0,12000000,9650000,1,1,4,1,0,1,1,1,0
2018,29,Estádio Azteca,26428,37000,12563.8,7,11,Costa do Marfim,RD Congo,1,0,26350000,22850000,1,1,1,2,0,-1,-3,0,1
2018,29,BMO Field,20526,23018,18471.266666666666,6,14,Argélia,Canadá,0,0,21150000,8550000,0,-1,-1,0,1,-1,-4,0,1
2018,30,GEHA Field at Arrowhead Stadium,13860,35000,14701.666666666666,19,15,Noruega,Curaçao,2,1,10050000,11350000,1,-1,-4,0,1,1,2,5,0
2018,30,BMO Field,12666,25000,19308.4,10,18,Holanda,Irã,3,0,30800000,10650000,1,-1,-2,0,3,-1,-1,0,1
2018,30,Estádio Azteca,36323,37000,31267.733333333334,1,14,Coreia do Sul,Paraguai,2,1,31100000,6180000,1,1,2,14,0,0,0,3,0
2018,30,BMO Field,5821,25000,6546.333333333333,16,5,Suécia,Canadá,1,1,8750000,8100000,0,-0,0,1,0,-1,-2,0,1
2018,31,AT&T Stadium,8186,42372,12300.25,8,13,Alemanha,Irã,2,1,10250000,13400000,1,-0,0,3,0,-1,-1,0,1
2018,31,Gillette Stadium,13278,22600,8791.0625,18,16,África do Sul,RD Congo,1,0,10800000,8650000,1,-1,-3,0,2,0,0,2,0
2018,31,Levi's Stadium,37394,60326,24678.3125,14,6,Costa do Marfim,Jordânia,2,1,6250000,17950000,1,-1,-1,0,1,-1,-1,0,1
2018,32,Mercedes-Benz Stadium,38938,43600,31747.125,1,7,Áustria,Gana,3,2,45450000,37750000,1,-0,0,16,0,1,3,5,0
2018,32,BMO Field,9423,25000,6726.125,16,9,Bósnia e Herzegovina,Irã,1,2,9050000,30800000,-1,-1,-1,0,1,1,2,2,0
2018,32,GEHA Field at Arrowhead Stadium,25002,35000,15345.4375,18,13,Suíça,Nova Zelândia,1,0,9250000,7030000,1,1,1,2,0,1,1,1,0
2018,32,NRG Stadium,17448,55000,19178.8125,12,17,República Tcheca,Cabo Verde,1,0,14900000,11800000,1,-1,-1,0,1,1,1,1,0
2018,32,BMO Field,16758,23018,18364.1875,6,5,Turquia,Tunísia,0,1,15850000,23200000,-1,-1,-1,0,2,-1,-1,0,1
2018,33,AT&T Stadium,8641,42372,12085,9,8,Áustria,Suíça,2,0,14000000,29300000,1,-1,-1,0,1,1,1,3,0
2018,33,Levi's Stadium,42149,60326,25706,15,2,Catar,Haiti,1,1,6480000,22650000,0,-1,-1,0,1,1,1,4,0
2018,33,BMO Field,5074,25000,6628.941176470588,18,20,Portugal,Iraque,0,1,8500000,3850000,-1,-1,-1,0,2,0,0,1,0
2018,33,Estádio Azteca,12659,37000,12340.941176470587,7,19,Argélia,Austrália,0,1,23750000,11500000,-1,-1,-1,0,1,-1,-1,0,1
2018,33,BMO Field,20488,23018,18489.117647058825,6,1,Cabo Verde,Senegal,1,1,20450000,27200000,0,-1,-1,0,3,1,1,17,0
2018,34,Gillette Stadium,17261,22600,9289.29411764706,17,12,Turquia,Uzbequistão,0,1,11300000,14050000,-1,1,1,1,0,1,1,2,0
2018,34,NRG Stadium,17825,55000,19099.176470588234,11,14,Alemanha,Espanha,2,1,13600000,6780000,1,-0,0,2,0,0,0,1,0
2018,34,Mercedes-Benz Stadium,37430,43600,32081.41176470588,1,10,Portugal,Canadá,3,0,42000000,12550000,1,-0,0,18,0,0,0,1,0
2018,34,GEHA Field at Arrowhead Stadium,22652,35000,15775.235294117647,16,18,Áustria,Costa do Marfim,0,0,9600000,7480000,0,-0,0,4,0,0,0,2,0
2018,35,GEHA Field at Arrowhead Stadium,26005,35000,16343.555555555555,15,3,Senegal,Curaçao,0,1,10050000,41000000,-1,0,0,5,0,1,1,1,0
2018,35,BMO Field,4652,25000,6519.111111111111,19,9,França,Noruega,2,1,8500000,37300000,1,-1,-2,0,4,-1,-1,0,3
2018,35,BMO Field,17313,23018,18423.777777777777,6,10,Bélgica,República Tcheca,1,0,22400000,12200000,1,1,1,2,0,1,1,3,0
2018,35,Lumen Field,25076,NA,6997.833333333333,20,1,França,Cabo Verde,1,1,3050000,44950000,0,-1,-1,0,1,1,3,19,0
2018,36,Mercedes-Benz Stadium,39429,43600,32489.61111111111,1,17,Turquia,Gana,4,0,40500000,8600000,1,-0,0,20,0,1,1,1,0
2018,36,AT&T Stadium,16332,42372,12320.944444444445,7,12,Catar,Jordânia,1,0,12900000,25200000,1,1,1,3,0,1,1,1,0
2018,36,Gillette Stadium,12384,22600,9461.222222222223,18,16,Suíça,Estados Unidos,2,1,11350000,10050000,1,-1,-2,0,2,-1,-1,0,1
2018,36,Levi's Stadium,48824,60326,26990.333333333332,14,20,Alemanha,Austrália,1,0,7080000,3500000,1,-0,0,1,0,0,0,1,0
2018,36,NRG Stadium,16437,55000,18951.277777777777,11,13,Costa do Marfim,Gana,2,0,13400000,11500000,1,-1,-1,0,1,0,0,1,0
2018,37,AT&T Stadium,9632,42372,12179.421052631578,7,15,Suécia,RD Congo,2,2,10750000,7750000,0,1,1,4,0,1,1,2,0
2018,37,BMO Field,4398,25000,6407.473684210527,18,11,Jordânia,Argentina,1,0,9350000,14350000,1,-1,-4,0,1,1,2,1,0
2018,38,Mercedes-Benz Stadium,41256,43600,32951,1,19,Áustria,República Tcheca,3,2,43450000,3280000,1,1,1,22,0,0,0,1,0
2018,38,GEHA Field at Arrowhead Stadium,23451,35000,16717.63157894737,18,10,África do Sul,Curaçao,2,1,7650000,25050000,1,-0,0,1,0,1,1,2,0
2018,38,Gillette Stadium,19992,22600,10015.473684210527,16,5,Marrocos,Coreia do Sul,1,0,11750000,17150000,1,-0,0,2,0,0,0,1,0
2018,38,BMO Field,22365,23018,18631.21052631579,6,9,Alemanha,Argentina,1,0,20450000,12800000,1,-1,-1,0,1,1,1,6,0
2018,38,Levi's Stadium,57223,60326,28581.526315789473,13,15,Argentina,Colômbia,0,0,7980000,8950000,0,-0,0,3,0,-1,-1,0,1
2019,1,NRG Stadium,29215,55000,29215,7,11,Japão,Curaçao,3,2,13600000,39900000,1,0,0,1,0,0,0,1,0
2019,1,Levi's Stadium,12550,60326,12550,2,20,Espanha,Egito,4,0,9000000,9150000,1,0,0,1,0,0,0,1,0
2019,1,Mercedes-Benz Stadium,26701,43600,26701,1,19,Holanda,Argentina,4,0,61250000,7250000,1,0,0,1,0,0,0,1,0
2019,1,AT&T Stadium,12839,42372,12839,3,18,Áustria,Curaçao,4,1,17300000,9600000,1,0,0,1,0,0,0,1,0
2019,1,Gillette Stadium,8231,22600,8231,6,16,Irã,Paraguai,2,0,11450000,17450000,1,0,0,1,0,0,0,1,0
2019,1,BMO Field,10531,23018,10531,8,13,Estados Unidos,Colômbia,2,1,20900000,5700000,1,0,0,1,0,0,0,1,0
2019,2,BC Place,15735,20000,15735,20,1,Marrocos,RD Congo,1,1,7600000,27450000,0,-1,-4,0,1,1,4,2,0
2019,2,Levi's Stadium,20578,60000,20578,19,3,Gana,Uruguai,2,1,7100000,17900000,1,-1,-4,0,1,1,3,2,0
2019,3,Mercedes-Benz Stadium,31549,43600,29125,4,13,Croácia,Paraguai,1,0,49750000,29050000,1,-0,0,3,0,1,1,1,0
2019,3,Gillette Stadium,6433,22600,7332,8,6,Bélgica,Irã,1,1,11850000,12100000,0,-1,-1,0,1,-1,-1,0,1
2019,3,BC Place,10313,20000,13024,18,3,Arábia Saudita,Estados Unidos,0,0,8100000,68000000,0,0,0,1,0,1,1,3,0
2019,3,NRG Stadium,18673,55000,23944,9,17,Áustria,Brasil,1,0,15200000,4600000,1,-1,-1,0,1,0,0,1,0
2019,3,Levi's Stadium,16815,60326,14682.5,5,2,Estados Unidos,México,1,2,8000000,20550000,-1,-1,-1,0,1,1,1,3,0
2019,4,Levi's Stadium,40877,60326,30727.5,16,3,México,Argentina,0,1,7200000,26000000,-1,-1,-1,0,1,0,0,4,0
2019,4,AT&T Stadium,11087,42372,11963,8,5,Curaçao,Brasil,1,0,14250000,13800000,1,-0,0,1,0,1,1,1,0
2019,4,Estádio Azteca,12952,37000,11758,4,20,Alemanha,Egito,3,0,65000000,11150000,1,-0,0,4,0,0,0,1,0
2019,5,BMO Field,13616,23018,16171.666666666666,4,7,Holanda,Coreia do Sul,2,1,25900000,65000000,1,-1,-2,0,1,1,1,2,0
2019,5,Levi's Stadium,17506,60326,15623.666666666666,14,18,Bélgica,Iraque,2,1,9650000,31750000,1,-1,-1,0,3,-0,0,1,0
2019,5,Estádio Azteca,32501,37500,30250.333333333332,1,2,Arábia Saudita,Uruguai,4,0,43750000,25400000,1,1,2,5,0,1,3,5,0
2019,5,AT&T Stadium,19409,42372,14445,6,12,Alemanha,Noruega,0,2,12200000,27650000,-1,1,1,2,0,0,0,3,0
2019,5,Gillette Stadium,6765,22600,7143,13,16,Argélia,Marrocos,1,3,9100000,7550000,-1,-1,-1,0,1,-1,-1,0,2
2019,6,BC Place,9168,20000,11738.666666666666,18,6,Suécia,Uruguai,1,0,9450000,10050000,1,-1,-2,0,1,1,1,2,0
2019,6,BMO Field,18039,18628,20150.333333333332,15,16,Inglaterra,Paraguai,1,2,27250000,12800000,-1,-1,-3,0,2,-1,-2,0,2
2019,6,Levi's Stadium,28148,60326,29867.666666666668,14,20,Alemanha,Suíça,1,1,8100000,10050000,0,1,2,1,0,0,0,1,0
2019,6,NRG Stadium,21969,55000,23285.666666666668,11,13,Suíça,Argentina,3,2,15500000,16450000,1,-0,0,1,0,1,3,1,0
2019,6,Estádio Akron,33143,60000,18153.333333333332,7,1,Japão,Colômbia,0,1,18800000,50000000,-1,-1,-1,0,1,1,4,6,0
2019,7,Gillette Stadium,10615,22600,8011,13,1,Senegal,Colômbia,1,2,12800000,49750000,-1,1,1,1,0,1,1,7,0
2019,7,AT&T Stadium,12548,42372,13970.75,12,15,Portugal,República Tcheca,3,0,17050000,28950000,1,-1,-1,0,2,-1,-1,0,1
2019,7,BMO Field,14116,23018,15657.75,2,17,Suíça,Catar,4,0,29400000,8500000,1,-1,-1,0,1,1,1,1,0
2019,7,Levi's Stadium,50809,60326,24420,9,5,Áustria,Colômbia,0,1,8950000,26400000,-1,1,1,2,0,0,0,1,0
2019,7,Estádio Azteca,8517,37500,29609.75,4,16,Costa do Marfim,Austrália,1,1,33500000,25000000,0,-1,-1,0,1,-1,-1,0,3
2019,8,BC Place,11602,20000,11704.5,17,8,RD Congo,Coreia do Sul,1,2,9100000,17800000,-1,-1,-4,0,1,1,1,1,0
2019,8,Mercedes-Benz Stadium,37086,43600,31959.25,1,10,Bósnia e Herzegovina,Brasil,1,0,46950000,17550000,1,1,1,8,0,1,3,1,0
2019,8,Levi's Stadium,15566,60326,22649.2,11,7,Turquia,Curaçao,0,0,9300000,15050000,0,-1,-1,0,1,1,1,3,0
2019,9,BMO Field,19761,23018,16478.4,3,9,Escócia,Austrália,1,1,29400000,28100000,0,-1,-2,0,1,-0,0,2,0
2019,9,Estádio Akron,37673,70000,16898.2,19,6,Catar,Uruguai,0,2,9100000,52500000,-1,-1,-1,0,2,-0,0,3,0
2019,9,Levi's Stadium,17099,60326,26675.5,17,14,Croácia,França,2,1,7750000,26000000,1,-1,-1,0,2,0,0,2,0
2019,9,Mercedes-Benz Stadium,31946,43600,31956.6,1,20,Croácia,República Tcheca,2,0,46950000,4600000,1,1,1,9,0,0,0,1,0
2019,9,Gillette Stadium,6257,22600,7660.2,16,15,Suíça,Panamá,1,1,12300000,28850000,0,-1,-2,0,2,0,0,1,0
2019,10,Levi's Stadium,24864,60326,26313.2,14,20,Equador,Paraguai,2,0,7450000,6050000,1,1,1,1,0,-1,-2,0,1
2019,10,Gillette Stadium,2600,22600,6816.833333333333,17,5,Egito,Uzbequistão,1,2,13150000,13250000,-1,0,0,1,0,0,0,1,0
2019,10,AT&T Stadium,14063,42372,13989.2,12,4,França,Estados Unidos,1,0,18950000,16850000,1,-1,-1,0,2,1,2,1,0
2019,11,BC Place,7845,20000,15389.333333333334,19,12,Iraque,Equador,0,4,8600000,10500000,-1,-1,-1,0,4,1,1,1,0
2019,11,BMO Field,16043,23018,16405.833333333332,4,13,Gana,RD Congo,2,2,20900000,7800000,0,1,1,2,0,1,2,2,0
2019,11,Levi's Stadium,32287,60326,24255.5,14,1,Alemanha,Uzbequistão,2,0,8300000,49750000,1,-0,0,1,0,-0,0,11,0
2019,11,NRG Stadium,19040,55000,22446.666666666668,11,16,Escócia,Iraque,0,0,16550000,12000000,0,-1,-1,0,2,0,0,1,0
2019,12,BC Place,11918,20000,14893.42857142857,19,11,Costa do Marfim,Catar,0,0,8550000,29250000,0,-1,-4,0,5,-0,0,4,0
2019,12,Levi's Stadium,41546,60326,28852,14,5,África do Sul,Equador,1,3,8200000,42250000,-1,-0,0,3,0,0,0,2,0
2019,12,Mercedes-Benz Stadium,37754,43600,32922.833333333336,1,15,Áustria,Portugal,1,1,40700000,17550000,0,-1,-2,0,1,1,1,1,0
2019,12,Gillette Stadium,5780,22600,6668.714285714285,18,12,Suíça,Equador,0,0,13250000,16100000,0,-1,-4,0,2,0,0,1,0
2019,13,NRG Stadium,43642,55000,25474.571428571428,12,3,Gana,México,3,0,13200000,56400000,1,-0,0,2,0,1,1,7,0
2019,13,Levi's Stadium,38421,60326,26279.14285714286,13,14,Noruega,Argélia,2,1,8500000,7650000,1,-1,-1,0,1,-1,-2,0,1
2019,13,AT&T Stadium,21526,42372,15245.333333333334,8,6,Portugal,Costa do Marfim,0,1,19350000,38750000,-1,1,2,3,0,1,1,6,0
2019,13,BMO Field,13181,23018,15945.142857142857,5,16,Suíça,Tunísia,2,0,24500000,24500000,1,-0,0,4,0,-1,-2,0,1
2019,14,BC Place,9924,20000,14272.25,19,14,Suécia,Cabo Verde,0,2,9950000,7750000,-1,-0,0,2,0,-1,-1,0,2
2019,14,Levi's Stadium,21428,60326,25672.75,11,17,Suécia,Haiti,4,1,7350000,11650000,1,1,1,1,0,-0,0,2,0
2019,14,Mercedes-Benz Stadium,34275,43600,33116,2,10,Bélgica,Cabo Verde,2,2,54750000,13700000,0,-0,0,2,0,1,3,3,0
2019,14,BMO Field,19081,23018,16337.125,4,16,Noruega,Gana,2,1,23800000,18650000,1,1,2,5,0,1,1,1,0
2019,15,NRG Stadium,28866,55000,25898.5,10,13,Áustria,Irã,1,1,13450000,8250000,0,-0,0,4,0,-1,-1,0,2
2019,15,Levi's Stadium,38519,60326,30233,12,8,França,Colômbia,0,1,8700000,18850000,-1,1,2,1,0,0,0,1,0
2019,15,Gillette Stadium,7027,22600,6713.5,18,20,RD Congo,Brasil,1,0,12350000,5650000,1,-1,-3,0,1,0,0,1,0
2019,15,AT&T Stadium,15644,42372,15302.285714285714,11,4,Suécia,México,1,0,18350000,25000000,1,-1,-1,0,2,1,1,6,0
2019,15,Estádio Akron,65418,67000,21629.25,15,3,Curaçao,Paraguai,1,4,15000000,67300000,-1,1,1,4,0,1,2,1,0
2019,16,BC Place,8715,20000,13654.777777777777,19,16,Espanha,Senegal,1,1,6850000,18750000,0,1,1,1,0,1,2,2,0
2019,16,Levi's Stadium,49986,60326,28374.222222222223,11,2,Croácia,Curaçao,0,3,9250000,66900000,-1,-1,-1,0,1,1,3,2,0
2019,16,Mercedes-Benz Stadium,27956,43600,32471,3,18,Brasil,Nova Zelândia,3,0,52000000,35950000,1,-0,0,4,0,-1,-1,0,2
2019,16,BMO Field,22401,23018,17010.88888888889,5,10,RD Congo,Tunísia,0,1,19400000,13750000,-1,-1,-1,0,1,0,0,5,0
2019,17,NRG Stadium,32483,55000,26630.11111111111,8,19,Holanda,Japão,1,0,13950000,7450000,1,1,1,6,0,0,0,2,0
2019,17,Levi's Stadium,32643,60326,30534.25,15,11,Holanda,Cabo Verde,2,0,9450000,9500000,1,-0,0,1,0,1,1,2,0
2019,17,Gillette Stadium,9053,22600,6973.444444444444,17,2,Marrocos,Argentina,0,1,12050000,31500000,-1,-0,0,2,0,0,0,1,0
2019,17,AT&T Stadium,10075,42372,14648.875,10,13,Costa do Marfim,Paraguai,1,0,18050000,8050000,1,-1,-1,0,1,-1,-3,0,2
2019,18,BC Place,9311,20000,13220.4,19,17,Coreia do Sul,Estados Unidos,2,0,7400000,12100000,1,-1,-1,0,1,-1,-1,0,1
2019,18,Estádio Akron,47575,60000,11721.777777777777,20,1,França,Iraque,0,3,5150000,64800000,-1,1,1,2,0,1,3,4,0
2019,18,BMO Field,14208,57483,21993,16,11,Noruega,Egito,1,4,20100000,78650000,-1,1,1,4,0,-0,0,3,0
2019,18,Levi's Stadium,35474,60326,31083.11111111111,12,18,Curaçao,Nova Zelândia,0,1,9450000,35950000,-1,1,2,2,0,-1,-1,0,4
2019,19,NRG Stadium,38977,55000,27864.8,7,13,Marrocos,Tunísia,1,1,13950000,9850000,0,1,2,8,0,-1,-1,0,1
2019,19,Levi's Stadium,20906,60326,27627.4,12,10,Noruega,Uruguai,0,0,9250000,18050000,0,-0,0,1,0,1,1,1,0
2019,19,Mercedes-Benz Stadium,35578,43600,32816.22222222222,3,16,República Tcheca,Japão,1,0,58000000,16250000,1,1,1,1,0,-1,-3,0,1
2019,19,Estádio Akron,15733,50000,21548.6,17,4,Argélia,Paraguai,1,0,36550000,43150000,1,1,1,1,0,0,0,9,0
2019,19,Gillette Stadium,8808,22600,7156.9,19,15,Costa do Marfim,Argentina,1,2,10700000,12750000,-1,-1,-2,0,2,-1,-2,0,2
2019,19,AT&T Stadium,13784,42372,14552.777777777777,9,20,Senegal,Uruguai,0,1,14100000,4150000,-1,-0,0,2,0,-1,-3,0,1
2019,19,BMO Field,18966,23018,17206.4,8,6,Portugal,Turquia,1,3,16300000,18200000,-1,-1,-1,0,4,1,1,2,0
2019,20,BC Place,10566,20000,12979.09090909091,18,13,Portugal,Austrália,1,0,7400000,7350000,1,-0,0,2,0,0,0,2,0
2019,20,Levi's Stadium,35514,60326,31526.2,14,2,México,Nova Zelândia,0,1,8750000,48000000,-1,-0,0,1,0,1,1,2,0
2019,21,NRG Stadium,19769,55000,27128.81818181818,8,11,Costa do Marfim,Tunísia,2,0,13200000,16800000,1,-1,-1,0,1,-1,-1,0,1
2019,21,Levi's Stadium,18595,60326,26806.272727272728,14,18,Inglaterra,Colômbia,0,0,10000000,19250000,0,-1,-1,0,1,-1,-1,0,3
2019,21,Estádio Azteca,21537,37730,31688.3,2,16,Portugal,Nova Zelândia,6,2,57500000,7100000,1,1,1,3,0,1,1,3,0
2019,21,Gillette Stadium,5036,22600,6964.090909090909,20,5,Suécia,Argélia,0,1,11250000,46400000,-1,-1,-1,0,4,1,1,1,0
2019,21,AT&T Stadium,12970,42372,14394.5,9,15,Bélgica,Inglaterra,4,1,18150000,9950000,1,-0,0,1,0,-1,-1,0,1
2019,21,BMO Field,10485,23018,16595.363636363636,10,13,Cabo Verde,Egito,1,2,25650000,21150000,-1,-1,-1,0,6,0,0,2,0
2019,22,Levi's Stadium,0,60326,28660.18181818182,15,11,Arábia Saudita,Nova Zelândia,1,0,10050000,18050000,1,-1,-3,0,2,-1,-2,0,2
2019,22,AT&T Stadium,13669,42372,14328.545454545454,9,20,França,Costa do Marfim,1,1,18900000,10550000,0,1,3,2,0,-1,-1,0,5
2019,22,BMO Field,6131,23018,15723.333333333334,10,14,Costa do Marfim,Marrocos,2,1,26650000,9250000,1,-1,-1,0,7,0,0,1,0
2019,23,BC Place,8346,20000,12593,18,19,África do Sul,Estados Unidos,3,1,6600000,4750000,1,-1,-2,0,2,-1,-2,0,2
2019,23,Mercedes-Benz Stadium,32659,43600,31776.545454545456,2,10,Suíça,Canadá,1,1,58000000,20400000,0,-0,0,5,0,1,1,1,0
2019,23,Estádio Azteca,34962,37000,34296.583333333336,7,14,Costa do Marfim,Canadá,2,1,42000000,9550000,1,-0,0,1,0,1,1,1,0
2019,23,Gillette Stadium,12152,22600,7396.416666666667,20,1,Alemanha,Holanda,0,1,10750000,62300000,-1,-0,0,1,0,0,0,9,0
2019,23,NRG Stadium,38571,55000,28082.333333333332,6,9,Espanha,Paraguai,1,2,13200000,20400000,-1,1,2,2,0,0,0,3,0
2019,23,Levi's Stadium,18054,60326,26076.916666666668,15,11,Holanda,Uruguai,0,1,9350000,9700000,-1,-1,-1,0,1,1,1,3,0
2019,24,BC Place,9927,20000,12387.923076923076,17,6,Suécia,Japão,1,0,7850000,26150000,1,1,2,1,0,-0,0,2,0
2019,24,NRG Stadium,32021,55000,28385.30769230769,7,5,Iraque,Haiti,0,0,12550000,37500000,0,-1,-1,0,1,1,1,2,0
2019,24,Levi's Stadium,25425,60326,28390.583333333332,14,20,Croácia,Japão,2,0,9800000,12250000,1,-1,-1,0,1,-1,-1,0,1
2019,25,Estádio Azteca,19028,37000,30714.166666666668,3,12,México,Paraguai,1,0,53750000,13350000,1,-1,-2,0,1,1,2,1,0
2019,25,Gillette Stadium,4399,22600,7165.846153846154,20,18,Noruega,Irã,1,1,8850000,19500000,0,-1,-2,0,2,0,0,2,0
2019,25,AT&T Stadium,25473,42372,15257.25,9,1,Croácia,Equador,0,2,13850000,52350000,-1,-0,0,5,0,1,2,11,0
2019,25,BMO Field,12974,23018,15511.846153846154,11,7,Marrocos,Irã,1,4,21800000,31300000,-1,-1,-2,0,1,1,1,2,0
2019,25,Levi's Stadium,16892,60326,25370.384615384617,17,19,Senegal,Japão,1,0,9250000,3700000,1,-1,-1,0,3,0,0,1,0
2019,26,BC Place,13075,20000,12437,17,11,Curaçao,Panamá,2,2,8700000,18500000,0,-1,-1,0,1,-1,-3,0,2
2019,26,Levi's Stadium,50101,60326,30060.615384615383,15,1,Jordânia,Equador,1,2,8850000,73650000,-1,-1,-1,0,1,1,2,12,0
2019,26,Mercedes-Benz Stadium,22738,43600,30100.615384615383,2,20,Tunísia,Uzbequistão,1,0,54000000,11950000,1,1,1,1,0,0,0,1,0
2019,27,Levi's Stadium,26801,60326,29827.785714285714,15,7,Noruega,Nova Zelândia,2,1,9200000,13150000,1,-1,-1,0,2,-1,-1,0,1
2019,27,BMO Field,21771,23018,15958.92857142857,12,3,Alemanha,Paraguai,2,0,20900000,28850000,1,-0,0,1,0,1,1,6,0
2019,27,Gillette Stadium,4042,22600,6942.714285714285,20,10,Irã,Argentina,2,2,11150000,7650000,0,-1,-1,0,1,0,0,2,0
2019,27,AT&T Stadium,18732,42372,15524.538461538461,9,2,Japão,Haiti,1,1,19550000,53500000,0,1,1,1,0,1,1,2,0
2019,28,NRG Stadium,27542,55000,28358.733333333334,8,6,RD Congo,Uruguai,2,3,12900000,22950000,-1,-1,-1,0,1,-1,-1,0,1
2019,28,Levi's Stadium,35178,60326,26070.928571428572,15,11,Gana,Senegal,1,1,8950000,19900000,0,1,1,1,0,1,1,4,0
2019,28,AT&T Stadium,11819,42372,15259.857142857143,9,10,Senegal,Iraque,4,1,19350000,9400000,1,0,0,2,0,-0,0,3,0
2019,29,BC Place,15428,20000,12636.4,18,6,Noruega,Brasil,2,1,8150000,48650000,1,-1,-1,0,2,0,0,1,0
2019,29,Levi's Stadium,19660,60326,25643.533333333333,15,16,França,Coreia do Sul,2,0,9150000,23550000,1,0,0,2,0,0,0,1,0
2019,29,Mercedes-Benz Stadium,29481,43600,30056.35714285714,2,4,República Tcheca,África do Sul,3,0,59500000,45500000,1,1,1,4,0,1,2,2,0
2019,29,BMO Field,19058,23018,16165.533333333333,12,19,Suécia,Marrocos,0,2,19650000,10250000,-1,-1,-2,0,1,-0,0,2,0
2019,30,Levi's Stadium,31503,60326,29939.466666666667,12,13,Argélia,Curaçao,2,2,9050000,18150000,0,1,2,3,0,-1,-2,0,2
2019,30,Mercedes-Benz Stadium,29019,43600,29987.2,2,15,Alemanha,Bósnia e Herzegovina,1,0,59000000,7650000,1,1,3,5,0,1,2,3,0
2019,30,Gillette Stadium,9533,22600,7115.4,19,4,Bélgica,Canadá,0,3,10550000,41000000,-1,1,2,3,0,-1,-3,0,1
2019,30,AT&T Stadium,12933,42372,15104.733333333334,8,18,Escócia,Argélia,1,0,19700000,8150000,1,-0,0,4,0,1,1,1,0
2019,31,NRG Stadium,16836,55000,27638.5625,10,19,Arábia Saudita,Argentina,1,1,12950000,10200000,0,-0,0,1,0,-1,-3,0,1
2019,31,Levi's Stadium,20513,60326,25322.875,15,7,Irã,Brasil,2,0,9150000,24400000,1,-1,-1,0,1,-1,-2,0,1
2019,31,AT&T Stadium,13047,42372,14976.125,6,16,Croácia,Escócia,0,0,20400000,17600000,0,1,1,5,0,0,0,8,0
2019,32,BC Place,14690,20000,12764.75,18,12,RD Congo,México,0,3,8900000,11600000,-1,-1,-1,0,2,-1,-1,0,1
2019,32,Levi's Stadium,46093,60326,30949.0625,14,13,RD Congo,Senegal,1,0,8750000,9150000,1,-1,-1,0,1,1,2,1,0
2019,32,Estádio Azteca,36290,37730,30381.125,2,6,Croácia,Costa do Marfim,1,1,59750000,41150000,0,1,1,7,0,1,1,1,0
2019,32,Gillette Stadium,13335,22600,7504.125,19,4,Argélia,Brasil,0,1,12150000,76800000,-1,-0,0,1,0,1,1,4,0
2019,33,Gillette Stadium,3431,22600,7264.529411764706,19,15,Noruega,Canadá,1,0,10950000,8950000,1,-1,-1,0,1,-1,-1,0,1
2019,33,AT&T Stadium,18091,42372,15159.35294117647,6,14,Alemanha,Curaçao,1,0,12650000,13400000,1,1,1,7,0,1,2,1,0
2019,33,NRG Stadium,23194,55000,27377.117647058825,9,2,Escócia,Espanha,1,1,14050000,58250000,0,-1,-2,0,1,0,0,8,0
2019,33,Levi's Stadium,34231,60326,31142.117647058825,13,18,Noruega,Japão,3,0,9100000,7450000,1,1,1,1,0,-1,-3,0,3
2019,34,BC Place,8916,20000,12538.35294117647,18,17,Holanda,Senegal,0,1,7850000,23800000,-1,-1,-3,0,4,0,0,1,0
2019,34,Mercedes-Benz Stadium,22767,43600,29933.235294117647,2,4,República Tcheca,Jordânia,1,2,60750000,82500000,-1,-0,0,9,0,-1,-1,0,1
2019,34,Levi's Stadium,29001,60326,25539.235294117647,15,6,Bélgica,RD Congo,1,1,8400000,40000000,0,-1,-1,0,2,-0,0,1,0
2019,35,NRG Stadium,13126,55000,26585.38888888889,10,13,Croácia,Portugal,1,1,12000000,20700000,0,-1,-1,0,1,-1,-1,0,1
2019,35,Levi's Stadium,33925,60326,31296.722222222223,12,2,Bósnia e Herzegovina,Cabo Verde,2,1,8550000,33200000,1,-0,0,3,0,1,3,7,0
2019,35,Gillette Stadium,3582,22600,7059.944444444444,19,14,Jordânia,Estados Unidos,0,1,7750000,10500000,-1,1,1,2,0,1,1,1,0
2019,35,AT&T Stadium,21709,42372,15523.222222222223,5,4,Costa do Marfim,Senegal,2,0,17600000,81150000,1,1,1,9,0,1,1,1,0
2019,36,BC Place,7371,20000,12251.277777777777,18,11,Holanda,Catar,1,2,7350000,11700000,-1,1,1,1,0,0,0,1,0
2019,36,Levi's Stadium,24262,60326,25468.277777777777,16,5,Bélgica,Gana,1,1,7600000,13350000,0,-1,-3,0,1,1,2,10,0
2019,36,Mercedes-Benz Stadium,22219,43600,29504.666666666668,3,1,Cabo Verde,Arábia Saudita,1,3,51750000,89400000,-1,-1,-1,0,2,1,3,22,0
2019,36,BMO Field,18062,23018,18550.777777777777,14,7,República Tcheca,Paraguai,2,1,18500000,43200000,1,-0,0,1,0,1,3,1,0
2019,37,NRG Stadium,25148,55000,26509.736842105263,11,12,Coreia do Sul,Argentina,1,1,12100000,15250000,0,1,1,2,0,1,1,1,0
2019,37,Levi's Stadium,49200,60326,26717.315789473683,16,8,Portugal,Haiti,0,1,8600000,31600000,-1,0,0,1,0,-1,-1,0,1
2019,37,Hard Rock Stadium,7229,30000,28332.263157894737,3,10,Turquia,África do Sul,5,1,49500000,8700000,1,-1,-2,0,3,-1,-1,0,1
2019,37,Gillette Stadium,2411,22600,6815.263157894737,19,18,Egito,Equador,3,0,5600000,7150000,1,-1,-2,0,2,-1,-1,0,1
2019,37,AT&T Stadium,31988,42372,16389.78947368421,5,2,Costa do Marfim,Estados Unidos,1,0,16800000,27100000,1,-0,0,11,0,1,2,1,0
2019,38,BC Place,9498,20000,12106.368421052632,18,6,México,Brasil,1,2,6050000,17500000,-1,-1,-3,0,2,1,1,1,0
2019,38,Levi's Stadium,52552,60326,32415.42105263158,9,11,Costa do Marfim,Curaçao,2,1,8150000,11300000,1,-0,0,6,0,0,0,3,0
